author,author_fullname,created_utc,full_link,id,is_self,is_video,num_comments,num_crossposts,score,selftext,subreddit,title,url
RetrospecTuaL,t2_4j0tv,1570606779,https://www.reddit.com/r/hearthstone/comments/dfdqvj/roverwatch_and_rhongkong_are_attempting_to_turn/,dfdqvj,False,False,7,0,193,,hearthstone,/r/Overwatch and /r/HongKong are attempting to turn Overwatch Character Mei into a pro-HongKong symbol. Let's help them!,https://i.redd.it/9djcycxsygr31.jpg
MostSanePsycho,t2_4ke8ntvy,1570628378,https://www.reddit.com/r/hearthstone/comments/dfh6my/inspired_by_hong_kong_mei_i_submit_hong_kong/,dfh6my,False,False,13,0,0,,hearthstone,"Inspired by Hong Kong Mei, I submit Hong Kong Thrall",https://i.redd.it/mx6ls8c1rir31.png
Null_Activity,t2_iktbry6,1570672437,https://www.reddit.com/r/hearthstone/comments/dfr4yy/i_am_mei/,dfr4yy,False,False,1,0,1,,hearthstone,I am Mei.,https://i.redd.it/ki2vjau1emr31.jpg
hgrforparadise,t2_hl9q6yr,1570727551,https://www.reddit.com/r/hearthstone/comments/dg156q/mei_has_officially_landed_in_hong_kong/,dg156q,False,False,3,0,0,,hearthstone,Mei has officially landed in Hong Kong,https://i.redd.it/2sjfy0lxxqr31.jpg
dapperfex,t2_62ste,1570792344,https://www.reddit.com/r/hearthstone/comments/dgdmv3/this_is_mei_mei_has_finally_landed_on_the_streets/,dgdmv3,False,False,0,0,1,,hearthstone,This is Mei. Mei has finally landed on the streets of HK. Mei is fighting for her rights. Be like Mei. #liberatehongkong,https://i.redd.it/hby7qqmpypr31.png
Varzul,t2_fwzn5,1570570438,https://www.reddit.com/r/Blizzard/comments/df6ow5/mei/,df6ow5,False,False,13,0,4092,,Blizzard,Mei,https://i.imgur.com/jOXSYhG.png
edzkiyumzki,t2_c2wfq,1570578769,https://www.reddit.com/r/Blizzard/comments/df8ns1/pro_hong_kong_mei_inspiered_by_a_post_on_here/,df8ns1,False,False,0,0,1,,Blizzard,Pro Hong Kong Mei inspiered by a post on here. Fuck Blizzard.,https://i.redd.it/10ot7yocodr31.png
Lord0Trade,t2_hgf0p,1570582085,https://www.reddit.com/r/Blizzard/comments/df9eip/xpost_from_rhongkong_it_would_be_such_a_shame_if/,df9eip,False,False,3,0,266,,Blizzard,(x-post from r/hongkong) It would be such a shame if Mei from Overwatch became a pro-democracy symbol and got Blizzard's games banned in China.,https://i.redd.it/oyvxwnc8xer31.jpg
Rylen_018,t2_11v9gq,1570582210,https://www.reddit.com/r/Blizzard/comments/df9fk7/it_would_be_a_shame_if_mei_became_a_symbol_for/,df9fk7,False,False,142,0,16880,,Blizzard,It would be a shame if Mei became a symbol for freedom,https://i.redd.it/hecz88drxer31.jpg
jordan_fluffystar,t2_2wjhdh8s,1570582739,https://www.reddit.com/r/Blizzard/comments/df9jt9/it_would_be_such_a_shame_if_mei_from_overwatch/,df9jt9,False,False,155,0,15582,,Blizzard,It would be such a shame if Mei from Overwatch became a pro-democracy symbol and got Blizzardâ€™s games banned in China.,https://i.redd.it/u03a9bzbzer31.jpg
ringedfalls,t2_16ktuk,1570582838,https://www.reddit.com/r/Blizzard/comments/df9kkb/it_would_be_such_a_shame_if_mei_from_overwatch/,df9kkb,False,False,0,0,9,,Blizzard,It would be such a shame if Mei from Overwatch became a pro-democracy symbol and got Blizzard's games banned in China.,https://i.redd.it/xaac5sldlcr31.jpg
Afthamafer,t2_127m7p,1570591874,https://www.reddit.com/r/Blizzard/comments/dfbcsl/love_the_new_mei_skin/,dfbcsl,False,False,0,0,1,,Blizzard,Love the new Mei skin,https://i.redd.it/cu7qo4thqfr31.jpg
terafonne,t2_j00yc,1570594408,https://www.reddit.com/r/Blizzard/comments/dfbsw1/mei_the_force_be_with_hong_kong_yuumei/,dfbsw1,False,False,1,0,1,,Blizzard,Mei the Force be with Hong kong (Yuumei),https://i.redd.it/9tpfewbkxfr31.jpg
defiantkinglion,t2_iafxo,1570594576,https://www.reddit.com/r/Blizzard/comments/dfbtv4/mei/,dfbtv4,False,False,1,0,1,,Blizzard,Mei,https://i.redd.it/1w30nb1jyfr31.jpg
NonRacistNiqqa,t2_v0rf1bf,1570594969,https://www.reddit.com/r/Blizzard/comments/dfbw9z/heres_a_reminder_to_turn_mei_into_a_pro_hong_kong/,dfbw9z,False,False,0,0,1,,Blizzard,Here's a reminder to turn Mei into a pro Hong Kong figure and get Overwatch banned in China,https://i.redd.it/y68dtd3pzfr31.jpg
nlaha,t2_1c70965i,1570598018,https://www.reddit.com/r/Blizzard/comments/dfce5h/mei_stands_for_hong_kong/,dfce5h,False,False,0,0,1,,Blizzard,Mei stands for Hong Kong,https://i.redd.it/4x9j1ahn8gr31.jpg
SeraphicShou,t2_wx4p3r1,1570599391,https://www.reddit.com/r/Blizzard/comments/dfclzt/protester_mei/,dfclzt,False,False,0,0,2,,Blizzard,Protester Mei,https://i.redd.it/p852a1ftcgr31.png
filterlessvet,t2_2nqq3gxt,1570601387,https://www.reddit.com/r/Blizzard/comments/dfcx2c/mei_stands_with_hong_kong/,dfcx2c,False,False,0,0,1,,Blizzard,Mei stands with Hong Kong,https://i.redd.it/cfvuh94sigr31.jpg
4chan_r9k,t2_s0q05,1570604212,https://www.reddit.com/r/Blizzard/comments/dfdcv1/we_all_know_how_good_mei_is_vs_tanks/,dfdcv1,False,False,0,0,1,,Blizzard,We all know how good Mei is vs tanks,https://i.redd.it/8hzilqp5rgr31.png
ILikeYouYouKnow,t2_48lawce,1570605429,https://www.reddit.com/r/Blizzard/comments/dfdjtl/mei_knows_the_truth/,dfdjtl,False,False,0,0,1,,Blizzard,Mei knows the truth,https://i.redd.it/xxm22xugugr31.jpg
KaChoo49,t2_19jc20qn,1570605501,https://www.reddit.com/r/Blizzard/comments/dfdkbo/lets_make_mei_a_hk_icon_to_piss_off_the_chinese/,dfdkbo,False,False,0,0,1,,Blizzard,Letâ€™s make Mei a HK icon to piss off the Chinese even more,https://i.redd.it/9ywlwg90vgr31.jpg
PmMeYourTiddiesPls,t2_4holj3h1,1570608622,https://www.reddit.com/r/Blizzard/comments/dfdzqi/meiwithhongkong/,dfdzqi,False,False,0,0,1,,Blizzard,#MeiWithHongKong,https://i.redd.it/dthaibma4hr31.jpg
ososostrich,t2_304he85l,1570610339,https://www.reddit.com/r/Blizzard/comments/dfe7pd/help_mei_become_a_prodemocracy_symbol/,dfe7pd,False,False,0,0,1,,Blizzard,Help Mei become a pro-democracy symbol,https://i.redd.it/4el1kjde9hr31.jpg
Berig_,t2_4fwnvilb,1570620655,https://www.reddit.com/r/Blizzard/comments/dffp25/looks_like_mei_supports_freedom_time_to_shut_down/,dffp25,False,False,0,0,1,,Blizzard,"Looks like Mei supports freedom, time to shut down OW",https://i.redd.it/ff0tleel2ir31.png
ProtegeMikey,t2_k8zd0,1570627047,https://www.reddit.com/r/Blizzard/comments/dfgwo3/my_fav_mei_skin/,dfgwo3,False,False,0,0,1,,Blizzard,My fav Mei skin,https://i.redd.it/gip7zux2nir31.jpg
galoder,t2_313axxv9,1570627179,https://www.reddit.com/r/Blizzard/comments/dfgxpk/it_would_be_such_a_shame_if_mei_from_overwatch/,dfgxpk,False,False,0,0,1,,Blizzard,It would be such a shame if Mei from Overwatch became a pro-democracy symbol and got Blizzardâ€™s games banned in China.,https://i.redd.it/4t90gx2fnir31.png
slndr_mn,t2_2iv9sf7s,1570632884,https://www.reddit.com/r/Blizzard/comments/dfi5yg/to_hong_kong_protestors_to_make_mei_as_a_hong/,dfi5yg,False,False,0,0,1,,Blizzard,"To Hong Kong protestors, to make Mei as a Hong Kong symbol I think people can cosplay as Mei in the protests to drive it home",https://i.redd.it/10d8dqsf4jr31.jpg
Frank-Planka,t2_42esnspm,1570633943,https://www.reddit.com/r/Blizzard/comments/dfiexb/my_friend_drew_this_we_stand_and_support_the/,dfiexb,False,False,0,0,1,,Blizzard,My friend drew this. We stand and support the people of Hong Kong while Mei joins the fight,https://i.redd.it/blh1326l7jr31.jpg
AgentTexes,t2_gpcnz,1570634006,https://www.reddit.com/r/Blizzard/comments/dfifhq/rise_up_and_shine_mei_says/,dfifhq,False,False,0,0,1,,Blizzard,Rise Up and Shine Mei says:,https://i.redd.it/msrmejco7jr31.jpg
Blulien,t2_2iygkb1a,1570635604,https://www.reddit.com/r/Blizzard/comments/dfisvq/upgraded_mei/,dfisvq,False,False,0,0,1,,Blizzard,Upgraded Mei,https://i.redd.it/ghs2pelhbjr31.jpg
TrumpImpeachedAugust,t2_17acpl,1570639769,https://www.reddit.com/r/Blizzard/comments/dfjsct/its_not_much_but_if_were_going_to_turn_mei_into/,dfjsct,False,False,1,0,1,,Blizzard,"It's not much, but if we're going to turn Mei into an icon in support of Hong Kong, may as well apply it to other Blizzard IPs. Did you know you can spell Hong Kong using only text from Blizzard game logos?",https://i.imgur.com/OjuZAOF.png
AgentTexes,t2_gpcnz,1570642104,https://www.reddit.com/r/Blizzard/comments/dfkc79/rise_up_and_shine_mei_says/,dfkc79,False,False,40,0,5900,,Blizzard,Rise Up and Shine Mei says,https://i.redd.it/45p0qttsvjr31.jpg
interestingprogram,t2_aizqjmy,1570643456,https://www.reddit.com/r/Blizzard/comments/dfknie/mei_fights_back_against_china/,dfknie,False,False,0,0,1,,Blizzard,Mei fights back against china,https://i.redd.it/onjs61fvzjr31.png
Aladdin_Yuusha,t2_3xind5ej,1570643746,https://www.reddit.com/r/Blizzard/comments/dfkpww/mei_support_hong_kong_protests/,dfkpww,False,False,0,0,1,,Blizzard,Mei support Hong Kong Protests,https://i.redd.it/bmuz5hdq0kr31.jpg
Bert-Maklin-FBI,t2_2ku4akxb,1570645038,https://www.reddit.com/r/Blizzard/comments/dfl0x4/not_sure_if_this_has_been_here_but_get_hong_kong/,dfl0x4,False,False,1,0,1,,Blizzard,Not sure if this has been here. But get Hong Kong Mei trending,https://i.redd.it/keeigsuk4kr31.jpg
FleshSocks,t2_1m2yzgjd,1570645057,https://www.reddit.com/r/Blizzard/comments/dfl15h/mei_has_five_demands/,dfl15h,False,False,0,0,3,,Blizzard,Mei has FIVE DEMANDS,https://i.redd.it/8rjwathk4kr31.jpg
Dpman1234,t2_x7hah,1570646593,https://www.reddit.com/r/Blizzard/comments/dfleaj/mei_meme/,dfleaj,False,False,0,0,112,,Blizzard,Mei meme,https://i.redd.it/3nb8rn779kr31.jpg
Der-Wissenschaftler,t2_4uweuu,1570648441,https://www.reddit.com/r/Blizzard/comments/dfltye/mei_is_always_saving_her_teammates_from_tanks/,dfltye,False,False,1,0,325,,Blizzard,Mei is always saving her teammates from tanks,https://i.imgur.com/kfjcmCF.png
TWEverson,t2_1bj1zjig,1570655293,https://www.reddit.com/r/Blizzard/comments/dfnfz9/mei_is_a_support_role_so_its_natural_right/,dfnfz9,False,False,0,0,1,,Blizzard,"Mei is a support role, so it's natural right?",https://i.redd.it/1coxxel2zkr31.jpg
maeyuuki,t2_1yxf0tgp,1570656736,https://www.reddit.com/r/Blizzard/comments/dfnryr/mei_supports_the_hong_kong_protestors/,dfnryr,False,False,0,0,1,,Blizzard,Mei Supports The Hong Kong Protestors,https://i.redd.it/0r0etgwc3lr31.jpg
mauricewg2002,t2_ywi7m,1570658387,https://www.reddit.com/r/Blizzard/comments/dfo61b/mei_tackling_tear_gas/,dfo61b,False,False,0,0,1,,Blizzard,Mei tackling tear gas,https://i.redd.it/bkaebeo98lr31.jpg
mauricewg2002,t2_ywi7m,1570659981,https://www.reddit.com/r/Blizzard/comments/dfojdd/mei_tackling_tear_gas/,dfojdd,False,False,0,0,1,,Blizzard,Mei tackling tear gas,https://i.redd.it/54s5nla0dlr31.jpg
cannacae,t2_2ixrovxx,1570660151,https://www.reddit.com/r/Blizzard/comments/dfokrl/mei_hong_kong_prosper_forever/,dfokrl,False,False,0,0,1,,Blizzard,Mei Hong Kong prosper forever!,https://i.redd.it/5tm6dqhidlr31.jpg
GAROU_BR,t2_t835w,1570661202,https://www.reddit.com/r/Blizzard/comments/dfotd9/meis_friendly_reminder/,dfotd9,False,False,58,0,3562,,Blizzard,Mei's friendly reminder,https://i.redd.it/r7vf765hglr31.jpg
bearlick,t2_2n6vc2oj,1570662034,https://www.reddit.com/r/Blizzard/comments/dfozyk/mei_takes_a_stand/,dfozyk,False,False,0,0,1,,Blizzard,Mei Takes a Stand,https://i.imgur.com/kfZZNN0.jpg
Explodiums,t2_3jgn6use,1570668794,https://www.reddit.com/r/Blizzard/comments/dfqf2l/it_would_be_a_shame_if_the_entire_overwatch_cast/,dfqf2l,False,False,2,0,1,,Blizzard,It would be a shame if the entire Overwatch cast stood by Mei in support of freedom,https://i.redd.it/xy1rlizq2mr31.png
PBMthrowawayguy,t2_16nf4cfc,1570672844,https://www.reddit.com/r/Blizzard/comments/dfr7po/mei_reads_the_news/,dfr7po,False,False,0,0,1,,Blizzard,Mei Reads the News,https://i.redd.it/v88vw631fmr31.jpg
Impa44,t2_16lhaxue,1570672880,https://www.reddit.com/r/Blizzard/comments/dfr7zu/ameizing_support_for_hk/,dfr7zu,False,False,2,0,556,,Blizzard,A-Mei-Zing support for HK!,https://i.redd.it/z1u79h9dfmr31.jpg
KyoueiShinkirou,t2_u3i2s,1570673193,https://www.reddit.com/r/Blizzard/comments/dfra9l/mei_this_world_be_world_saving/,dfra9l,False,False,0,0,1,,Blizzard,Mei this world be world saving,https://i.redd.it/jo87pjp8gmr31.png
Jim_e_Clash,t2_ydnhx,1570697195,https://www.reddit.com/r/Blizzard/comments/dfv4o9/nothing_to_censor_here_just_mei_drawing_winnie/,dfv4o9,False,False,0,0,1,,Blizzard,Nothing to censor here! Just Mei drawing Winnie the Pooh.,https://i.redd.it/32ncjco4for31.jpg
madgecko2,t2_4e6e6dh,1570705769,https://www.reddit.com/r/Blizzard/comments/dfwfpo/mei_appears_in_hong_kong/,dfwfpo,False,False,0,0,1,,Blizzard,Mei appears in Hong Kong !,https://i.redd.it/vwo6sqj55pr31.jpg
LinhDoodles,t2_4rffk2xi,1570706257,https://www.reddit.com/r/Blizzard/comments/dfwinq/our_world_is_worth_fighting_for_updated_profile/,dfwinq,False,False,0,0,1,,Blizzard,Our World Is Worth Fighting For - Updated Profile Picture For Mei,https://i.redd.it/byxunqw46pr31.png
AlbinoRabe,t2_11rh5h,1570707399,https://www.reddit.com/r/Blizzard/comments/dfwple/vote_mei_for_freedom/,dfwple,False,False,0,0,1,,Blizzard,Vote Mei for freedom,https://i.redd.it/c54tr2e0apr31.jpg
Lampppu,t2_2pouc6z0,1570715664,https://www.reddit.com/r/Blizzard/comments/dfycbd/help_mei/,dfycbd,False,False,0,0,1,,Blizzard,Help Mei,https://i.redd.it/sabem44lypr31.jpg
Frocharocha,t2_gmsig,1570719004,https://www.reddit.com/r/Blizzard/comments/dfz3p1/kawaii_mei_posters_were_used_in_protests/,dfz3p1,False,False,0,0,1,,Blizzard,Kawaii Mei Posters were used in protests!,https://i.redd.it/96c0jqig8qr31.jpg
Frocharocha,t2_gmsig,1570719060,https://www.reddit.com/r/Blizzard/comments/dfz46f/mei_posteres_were_used_in_the_protests_incluiding/,dfz46f,False,False,0,0,3,,Blizzard,Mei Posteres were used in the protests( incluiding the kawaii one i've made!),https://i.redd.it/l4jylikk8qr31.jpg
HammerSpam,t2_gp7t4,1570723567,https://www.reddit.com/r/Blizzard/comments/dg06w4/well_fuck_turns_out_meis_va_is_a_dirty_commie/,dg06w4,False,False,0,0,1,,Blizzard,"well fuck, turns out Mei's VA is a dirty commie",https://i.redd.it/xkkpgq4ylqr31.jpg
Arathilion,t2_14pz3s,1570736504,https://www.reddit.com/r/Blizzard/comments/dg3cjb/my_addition_to_mei_fighting_for_freedom_my_insta/,dg3cjb,False,False,0,0,1,,Blizzard,My addition to Mei fighting for freedom! My insta is @sarinatlas. I didnâ€™t watermark because itâ€™s more important than that,https://i.redd.it/w6271nrjorr31.jpg
FANCINESSrddt,t2_22j12dsh,1570746816,https://www.reddit.com/r/Blizzard/comments/dg5pys/or_blizzard_just_removes_mei/,dg5pys,False,False,0,0,1,,Blizzard,Or Blizzard just removes Mei,https://i.redd.it/3zu60vxbisr31.jpg
GayFurryBartender,t2_2676oyc2,1570752808,https://www.reddit.com/r/Blizzard/comments/dg700j/mei_is_basically_a_tank_so_she_can_be_tank_man_too/,dg700j,False,False,0,0,1,,Blizzard,Mei is basically a tank so she can be tank man too?,https://i.redd.it/gxqt9ka11tr31.jpg
KnowMatter,t2_dcrdf,1570759386,https://www.reddit.com/r/Blizzard/comments/dg8cox/mei_tyrael_thrall_raynor_blizzard_characters/,dg8cox,False,False,0,0,1,,Blizzard,"Mei, Tyrael, Thrall, Raynor. Blizzard characters taught us to stand for justice.",https://i.redd.it/utgf3gelktr31.jpg
Jim_e_Clash,t2_ydnhx,1570759741,https://www.reddit.com/r/Blizzard/comments/dg8fbu/just_a_picture_of_mei/,dg8fbu,False,False,0,0,1,,Blizzard,Just a picture of Mei,https://i.redd.it/v4zhdo3lltr31.jpg
Narananas,t2_fcrcj,1570761505,https://www.reddit.com/r/Blizzard/comments/dg8ryk/lets_all_use_the_firefighter_mei_skin_to_show_she/,dg8ryk,False,False,23,0,1,,Blizzard,Let's all use the Firefighter Mei skin to show she protects the Hong Kong protesters,https://i.redd.it/akshybvsqtr31.jpg
BeardedDeity,t2_maqec,1570767632,https://www.reddit.com/r/Blizzard/comments/dg9vg9/mei_fighting_for_hong_kong/,dg9vg9,False,False,0,0,1,,Blizzard,Mei fighting for Hong Kong,https://i.redd.it/dm9azwx39ur31.jpg
SpoontToodage,t2_24stk1ci,1570771058,https://www.reddit.com/r/Blizzard/comments/dgafkg/mei_is_bae/,dgafkg,False,False,0,0,1,,Blizzard,Mei is bae,https://i.redd.it/36gm2jtajur31.jpg
BobFukinRoss,t2_2av3k9uw,1570781468,https://www.reddit.com/r/Blizzard/comments/dgc05p/sorry_its_not_mei_but_i_thought_the_quote_fit/,dgc05p,False,False,0,0,1,,Blizzard,Sorry it's not Mei but I thought the quote fit.,https://i.redd.it/8blvp859evr31.jpg
Kaiznier,t2_3hwoeqr4,1570800859,https://www.reddit.com/r/Blizzard/comments/dgf984/overwatchs_mei_has_finally_reached_hong_kong/,dgf984,False,False,0,0,1,,Blizzard,Overwatch's Mei has finally reached Hong Kong protests,https://i.redd.it/pjvwgywwzwr31.jpg
KittyTheDog1023,t2_3lmnv1d3,1570807407,https://www.reddit.com/r/Blizzard/comments/dggpmp/mei_stands_with_hk/,dggpmp,False,False,0,0,1,,Blizzard,Mei stands with HK!!!,https://i.redd.it/2nqogpabjxr31.png
Frocharocha,t2_gmsig,1570811271,https://www.reddit.com/r/Blizzard/comments/dghl1s/cute_mei_poster_was_used_in_hong_kong/,dghl1s,False,False,0,0,1,,Blizzard,Cute Mei Poster was used in Hong Kong!,https://i.redd.it/2fnb49iuuxr31.jpg
hentaiheathen,t2_4veyjzl,1570815037,https://www.reddit.com/r/Blizzard/comments/dgif2h/keep_sucking_chinas_dick_blizzard_mei_stands_with/,dgif2h,False,False,0,0,1,,Blizzard,Keep sucking China's dick Blizzard. Mei stands with Hong Kong,https://i.redd.it/fs87jx6u5yr31.png
FloL00L,t2_v9djs,1570566996,https://www.reddit.com/r/HongKong/comments/df5txl/pro_hong_kong_mei_inspiered_by_a_post_on_here/,df5txl,False,False,664,0,60738,,HongKong,Pro Hong Kong Mei inspiered by a post on here. Fuck Blizzard.,https://i.redd.it/10ot7yocodr31.png
maxinator80,t2_hwlsc,1570569269,https://www.reddit.com/r/HongKong/comments/df6egq/blizzard_banned_a_hong_kong_pro_gamer_but_mei_is/,df6egq,False,False,1,0,551,,HongKong,"Blizzard banned a Hong Kong pro gamer, but Mei is supporting the protest",https://i.redd.it/xrvon214vdr31.png
Asthma_Attack_Inc,t2_2oid5xvr,1570572662,https://www.reddit.com/r/HongKong/comments/df78l7/hmmm_just_a_thing_inspired_by_mei/,df78l7,False,False,2,0,80,,HongKong,Hmmm... (Just a thing Inspired by Mei),https://i.redd.it/wshmar7d5er31.jpg
StopStressingMeowt,t2_11ufy7v,1570581776,https://www.reddit.com/r/HongKong/comments/df9c54/there_isnt_much_i_can_do_but_spreading_the_word/,df9c54,False,False,31,0,3285,,HongKong,"There isn't much I can do, but spreading the word about using Mei for the cause is something I can do!",https://i.redd.it/i617x6vgwer31.jpg
crulojexcat,t2_16d4ws,1570581883,https://www.reddit.com/r/HongKong/comments/df9d0o/after_the_recent_events_at_blizzard_meiling/,df9d0o,False,False,0,0,1,,HongKong,"After the recent events at Blizzard, Mei-Ling stands with hong kong.",https://i.redd.it/un7wmcgxter31.jpg
chalbersma,t2_3nnhx,1570585849,https://www.reddit.com/r/HongKong/comments/dfa6tl/mei_ling_supports_hong_kong/,dfa6tl,False,False,1,0,1,,HongKong,Mei Ling supports Hong Kong,https://i.redd.it/tlp0avhhoer31.png
andrew701898,t2_4b0fjre2,1570586265,https://www.reddit.com/r/HongKong/comments/dfa9yl/mei_says_free_hong_kong/,dfa9yl,False,False,0,0,1,,HongKong,Mei says: Free Hong Kong!,https://i.redd.it/8q4z8rdt9fr31.jpg
sheepieweepie,t2_gb42vji,1570591962,https://www.reddit.com/r/HongKong/comments/dfbdfq/mei_knows_the_way_you_can_ban_players_and/,dfbdfq,False,False,1,0,213,,HongKong,"Mei knows the way! You can ban players and presenters, but you can't ban being held accountable, Blizzard",https://i.redd.it/dcv0emhzpfr31.jpg
BaptisteSave,t2_4n7ihb0o,1570593584,https://www.reddit.com/r/HongKong/comments/dfbnrs/i_got_an_idea_for_a_new_mei_skin/,dfbnrs,False,False,0,0,1,,HongKong,I got an idea for a new Mei skin,https://i.redd.it/vp6ld3lavfr31.jpg
charliethispain,t2_w4co5,1570594380,https://www.reddit.com/r/HongKong/comments/dfbsp0/meiling_zhou_would_absolutely_support_hk/,dfbsp0,False,False,0,0,1,,HongKong,Mei-Ling Zhou would absolutely support HK,https://i.redd.it/khspnd2zwfr31.png
unobservedcitizen,t2_4gcojkd3,1570600300,https://www.reddit.com/r/HongKong/comments/dfcqyi/hong_kong_mei/,dfcqyi,False,False,0,0,1,,HongKong,Hong Kong Mei,https://i.redd.it/1hzgyzufdgr31.jpg
Albus_Waddles,t2_mow1m,1570600623,https://www.reddit.com/r/HongKong/comments/dfcso7/woke_mei/,dfcso7,False,False,0,0,2,,HongKong,Woke Mei,https://i.redd.it/xzq9agldggr31.png
nixtxt,t2_1ljvnbtj,1570600981,https://www.reddit.com/r/HongKong/comments/dfcus1/democracymei_stands_with_hong_kong_blizzard_can/,dfcus1,False,False,2,0,3,,HongKong,#DemocracyMei stands with Hong Kong. Blizzard can not freeze the flames of freedom! åŠ æ²¹,https://i.redd.it/v1ha2vrchgr31.jpg
katobean,t2_6xh3f,1570602693,https://www.reddit.com/r/HongKong/comments/dfd4ij/mei_stands_with_hk_wallpaper_3820x2160/,dfd4ij,False,False,2,0,135,,HongKong,Mei stands with HK (Wallpaper 3820x2160),https://i.redd.it/gre88784mgr31.jpg
meiwithhongkong,t2_4rcwkuyw,1570605202,https://www.reddit.com/r/HongKong/comments/dfdimp/meiwithhongkong/,dfdimp,False,False,3,0,13,,HongKong,#MeiWithHongKong,https://i.redd.it/jnf936p3ugr31.png
nutty_shot,t2_rjek9d7,1570606304,https://www.reddit.com/r/HongKong/comments/dfdogd/meiwithhongkong/,dfdogd,False,False,3,0,9,,HongKong,#MeiWithHongKong,https://i.redd.it/186l9xo8xgr31.jpg
ososostrich,t2_304he85l,1570610226,https://www.reddit.com/r/HongKong/comments/dfe76k/help_mei_become_a_prodemocracy_symbol/,dfe76k,False,False,15,0,3615,,HongKong,Help Mei become a pro-democracy symbol,https://i.redd.it/ltgr6p929hr31.jpg
Vernonat,t2_vmrvx,1570618117,https://www.reddit.com/r/HongKong/comments/dffak1/mei_fighting_at_the_frontlines_free_hong_kong/,dffak1,False,False,1,0,768,,HongKong,Mei fighting at the frontlines. Free Hong Kong!,https://i.redd.it/va9prgxbwhr31.jpg
SentientPotato42,t2_2pgrtvss,1570620736,https://www.reddit.com/r/HongKong/comments/dffpju/looks_like_mei_is_the_the_new_face_hong_kong/,dffpju,False,False,1,0,19,,HongKong,Looks like Mei is the the new face Hong kong independence. Let's get blizzard banned in China.,https://i.redd.it/nvmzuokalgr31.jpg
AJTHEMUSICGEEK,t2_1r5iux9j,1570622106,https://www.reddit.com/r/HongKong/comments/dffy6r/it_would_be_such_a_shame_if_mei_from_overwatch/,dffy6r,False,False,0,0,1,,HongKong,It would be such a shame if Mei from Overwatch became a pro-democracy symbol and got Blizzardâ€™s games banned in China,https://i.redd.it/hmaqcefa8ir31.jpg
FrodeTheKanin,t2_gjai9,1570627137,https://www.reddit.com/r/HongKong/comments/dfgxd3/mei_vs_chinese_tanks_liberate_hong_kong/,dfgxd3,False,False,1,0,10,,HongKong,"Mei vs chinese tanks. Liberate Hong Kong, revolution of our times",https://i.redd.it/1ebnoruqmir31.jpg
MostSanePsycho,t2_4ke8ntvy,1570629287,https://www.reddit.com/r/HongKong/comments/dfhdhw/hong_kong_mei_meet_hong_kong_thrall/,dfhdhw,False,False,1,0,1,,HongKong,Hong Kong Mei meet Hong Kong Thrall,https://i.redd.it/oh9px6oqtir31.png
VioletGlitterBlossom,t2_2yjac2mv,1570630429,https://www.reddit.com/r/HongKong/comments/dfhmbp/another_post_of_prohk_mei_not_my_artwork/,dfhmbp,False,False,3,0,231,,HongKong,Another post of Pro-HK Mei; not my artwork.,https://i.redd.it/i6mivh15xir31.jpg
Quirl,t2_7rasf,1570630665,https://www.reddit.com/r/HongKong/comments/dfho63/meiling_wants_you_to_be_her_hero/,dfho63,False,False,1,0,101,,HongKong,Mei-Ling wants YOU to be her hero!,https://i.redd.it/xwwfzj3nxir31.jpg
Astorya,t2_paokgcm,1570630773,https://www.reddit.com/r/HongKong/comments/dfhp0n/it_would_be_such_a_shame_if_mei_from_overwatch/,dfhp0n,False,False,0,0,158,,HongKong,It would be such a shame if Mei from Overwatch became a pro-democracy symbol and got Blizzardâ€™s games banned in China.,https://i.redd.it/u03a9bzbzer31.jpg
TrumpImpeachedAugust,t2_17acpl,1570631254,https://www.reddit.com/r/HongKong/comments/dfht09/its_not_much_but_if_were_going_to_turn_mei_into/,dfht09,False,False,10,0,422,,HongKong,"It's not much, but if we're going to turn Mei into an icon in support of Hong Kong, may as well apply it to other Blizzard IPs. Did you know you can spell Hong Kong using only text from Blizzard game logos?",https://i.imgur.com/OjuZAOF.png
Maxuranium,t2_d4js2,1570633351,https://www.reddit.com/r/HongKong/comments/dfi9ub/why_stop_at_mei_lets_get_overwatch_banned_in_china/,dfi9ub,False,False,105,0,8973,,HongKong,Why stop at Mei? Let's get Overwatch banned in China.,https://i.redd.it/nm1dg1uc5jr31.png
thegamingkaiser,t2_1dcqv4yk,1570634006,https://www.reddit.com/r/HongKong/comments/dfifhm/bois_can_we_get_hong_kong_mei_trending_so/,dfifhm,False,False,2,0,637,,HongKong,Bois can we get Hong Kong Mei trending so blizzard gets banned in China,https://i.redd.it/s8opq70p7jr31.png
Blulien,t2_2iygkb1a,1570634216,https://www.reddit.com/r/HongKong/comments/dfih83/mei_from_overwatch/,dfih83,False,False,0,0,1,,HongKong,Mei from Overwatch,https://i.redd.it/23kmltic8jr31.jpg
Blulien,t2_2iygkb1a,1570635004,https://www.reddit.com/r/HongKong/comments/dfinvv/mei_from_overwatch/,dfinvv,False,False,0,0,1,,HongKong,Mei from Overwatch,https://i.redd.it/pg6dutacajr31.jpg
Mr_VirusYT,t2_wmtu4,1570637658,https://www.reddit.com/r/HongKong/comments/dfjafj/mei_overwatch_upvote_this_so_that_people_see_it/,dfjafj,False,False,8,0,1611,,HongKong,"Mei Overwatch. Upvote this so that people see it when they Google ""Mei Overwatch"".",https://i.redd.it/nwhex2jiijr31.jpg
batture,t2_iie21,1570640927,https://www.reddit.com/r/HongKong/comments/dfk2ck/yet_another_anonymous_mei_artwork_i_received/,dfk2ck,False,False,3,0,90,,HongKong,Yet another anonymous Mei artwork I received!,https://i.redd.it/221eotscsjr31.jpg
jimmaksss,t2_3zdu3ein,1570642087,https://www.reddit.com/r/HongKong/comments/dfkc2e/i_fixed_the_wikipedia_page_for_mei/,dfkc2e,False,False,0,0,1,,HongKong,I fixed the Wikipedia page for Mei,https://i.redd.it/c9odz9xsvjr31.jpg
Firstchinastar,t2_4r1mlouq,1570643665,https://www.reddit.com/r/HongKong/comments/dfkp8b/mei_the_newest_enemy_of_the_ccp/,dfkp8b,False,False,0,0,1,,HongKong,Mei. The newest enemy of the CCP,https://i.redd.it/6tb79wxh0kr31.jpg
ThisPartIsWayTooHard,t2_2rdv9zp2,1570644580,https://www.reddit.com/r/HongKong/comments/dfkx6g/another_mei_one_i_posted_on_blizzard_for_you_guys/,dfkx6g,False,False,0,0,61,,HongKong,Another Mei one I posted on blizzard for you guys,https://i.redd.it/3o9m3lr73kr31.jpg
PredatorOwl,t2_13mjluvh,1570644801,https://www.reddit.com/r/HongKong/comments/dfkyzx/mei_must_be_used_by_all_the_protestors/,dfkyzx,False,False,2,0,86,,HongKong,Mei must be used by all the protestors,https://i.redd.it/3y9wr0dv3kr31.jpg
FunkCartography,t2_4fo3a3p5,1570645627,https://www.reddit.com/r/HongKong/comments/dfl61d/the_76ers_ejected_a_fan_for_supporting_honk_kong/,dfl61d,False,False,0,0,1,,HongKong,"The 76ers ejected a fan for supporting Honk Kong. Their mascot, Franklin, should receive similar treatment to Mei from Overwatch. For those who do not know, the 76ers are named after the year of American independence. I think Franklin would be a perfect symbol for Hong Kong's freedom.",https://i.redd.it/8ogvq7rb6kr31.png
Blulien,t2_2iygkb1a,1570645654,https://www.reddit.com/r/HongKong/comments/dfl6bd/mei_from_overwatch/,dfl6bd,False,False,0,0,1,,HongKong,Mei from Overwatch,https://i.redd.it/wsolz2pe6kr31.jpg
Introvertle_Turtle,t2_1gntyghc,1570645666,https://www.reddit.com/r/HongKong/comments/dfl6ge/top_image_results_when_you_search_mei/,dfl6ge,False,False,3,0,49,,HongKong,"Top image results when you search ""Mei""",https://i.redd.it/gd3oycyf6kr31.png
Bolterno,t2_31phpbk8,1570648725,https://www.reddit.com/r/HongKong/comments/dflwem/mei_be_she_already_was_with_you/,dflwem,False,False,1,0,69,,HongKong,Mei be she already was with you.,https://i.redd.it/2ho2qih7fkr31.jpg
The_Brother_Pig,t2_3wswur47,1570648807,https://www.reddit.com/r/HongKong/comments/dflx41/mei_supports_hong_kong/,dflx41,False,False,0,0,35,,HongKong,Mei supports Hong Kong!,https://i.redd.it/4g0ft7njfkr31.png
JustSumBro,t2_1290fv,1570651658,https://www.reddit.com/r/HongKong/comments/dfml2g/tank_mei/,dfml2g,False,False,1,0,14,,HongKong,Tank Mei,https://i.imgur.com/8Y9hhKF.jpg
Frocharocha,t2_gmsig,1570653617,https://www.reddit.com/r/HongKong/comments/dfn1fe/the_good_thing_about_mei_is_that_she_can_become_a/,dfn1fe,False,False,0,0,22,,HongKong,The good thing about Mei is that she can become a worldwide symbol for Hong Kong support and bring even more people to the awareness.,https://i.redd.it/6jya7jnztkr31.jpg
JustSumBro,t2_1290fv,1570659392,https://www.reddit.com/r/HongKong/comments/dfoe9f/tank_mei/,dfoe9f,False,False,0,0,1,,HongKong,Tank Mei,https://i.imgur.com/Gq4C42L.jpg
cannacae,t2_2ixrovxx,1570659473,https://www.reddit.com/r/HongKong/comments/dfoex5/mei_hong_kong_prosper_once_more/,dfoex5,False,False,22,0,4335,,HongKong,Mei Hong Kong prosper once more!,https://i.redd.it/epcbmkphblr31.jpg
ProbablyJeff,t2_dalmxy,1570661765,https://www.reddit.com/r/HongKong/comments/dfoxpg/mei_stands_with_hk/,dfoxpg,False,False,1,0,24,,HongKong,Mei stands with HK.,https://i.redd.it/smt31suuglr31.jpg
POS_EIP,t2_u6vd9h0,1570662374,https://www.reddit.com/r/HongKong/comments/dfp2ok/mei_is_china_gang/,dfp2ok,False,False,9,0,0,,HongKong,Mei is China Gang ðŸ‡¨ðŸ‡³,https://i.redd.it/9brngwg4klr31.jpg
ryanhallows,t2_141pu3,1570667492,https://www.reddit.com/r/HongKong/comments/dfq55n/mei_works_pretty_well_as_the_face_of_revolution/,dfq55n,False,False,2,0,14,,HongKong,Mei works pretty well as the face of revolution!,https://i.imgur.com/YlULhp4.png
Impa44,t2_16lhaxue,1570669899,https://www.reddit.com/r/HongKong/comments/dfqmyw/mei_dont_play_were_with_you_hong_kong/,dfqmyw,False,False,2,0,294,,HongKong,Mei don't Play. We're with you Hong Kong.,https://i.redd.it/cn9d0z2i6mr31.jpg
McLinskey,t2_txj8den,1570671625,https://www.reddit.com/r/HongKong/comments/dfqz7u/my_notatallpolitical_mei_fanart_contribution/,dfqz7u,False,False,0,0,1,,HongKong,My not-at-all-political Mei fanart contribution,https://i.redd.it/sy8ppdfabmr31.png
lu5ty,t2_gcso6,1570673007,https://www.reddit.com/r/HongKong/comments/dfr8yf/mei_statue_already_gone/,dfr8yf,False,False,0,0,29,,HongKong,Mei statue already gone.,https://i.redd.it/12lhkafkfmr31.png
PBMthrowawayguy,t2_16nf4cfc,1570673316,https://www.reddit.com/r/HongKong/comments/dfrb5d/mei_reads_the_news/,dfrb5d,False,False,2,0,69,,HongKong,Mei Reads the News,https://i.redd.it/wuc6relkgmr31.jpg
Green_VGC,t2_3yxomt0j,1570675456,https://www.reddit.com/r/HongKong/comments/dfrpr6/two_pooh_gifs_on_kotaku_and_a_pic_i_made_using/,dfrpr6,False,False,3,0,42,,HongKong,Two Pooh gifs on Kotaku and a pic I made using blackwatch Mei with a HK background and the map embedded on her chest area and I'm suspended this morning,https://i.imgur.com/UVj1kLN.jpg
ryanhallows,t2_141pu3,1570680761,https://www.reddit.com/r/HongKong/comments/dfso4b/this_has_been_an_ameizing_effort_by_all_of_you/,dfso4b,False,False,1,0,2,,HongKong,This has been an A-Mei-Zing effort by all of you! Here's my support from Denver!,https://i.imgur.com/wnTX2VM.png
post_panopticon,t2_4g1ghguq,1570681185,https://www.reddit.com/r/HongKong/comments/dfsqi6/winnie_the_pooh_is_blocked_in_hong_kong_who_mei/,dfsqi6,False,False,0,0,1,,HongKong,Winnie the Pooh is blocked in Hong Kong. Who Mei be next?,https://i.redd.it/oehabn824nr31.png
freehongkong0,t2_4r6bv550,1570682303,https://www.reddit.com/r/HongKong/comments/dfsx5o/mei/,dfsx5o,False,False,0,0,1,,HongKong,Mei!,https://i.redd.it/84jffcvd7nr31.jpg
swaf120,t2_t8138b8,1570705470,https://www.reddit.com/r/HongKong/comments/dfwdvt/i_dont_mind_people_protesting_to_blizzard_actions/,dfwdvt,False,False,10,0,20,,HongKong,I donâ€™t mind people protesting to blizzard actions but going into Meiâ€™s voice actor and sending her these stuff is just annoying.,https://i.redd.it/x3kbkil94pr31.jpg
hfok,t2_92s9h,1570707047,https://www.reddit.com/r/HongKong/comments/dfwnen/mei_is_on_the_street/,dfwnen,False,False,18,0,2895,,HongKong,Mei is on the Street!!,https://i.redd.it/4tb0zzkx8pr31.jpg
Meme_Shibe,t2_4aabjioi,1570709063,https://www.reddit.com/r/HongKong/comments/dfx0kf/not_only_mei_but_this_guy_aswell/,dfx0kf,False,False,0,0,1,,HongKong,"Not only Mei, but this guy aswell!",https://i.redd.it/i72mpogyepr31.jpg
Scratchbrainstormer,t2_1x3zegog,1570713063,https://www.reddit.com/r/HongKong/comments/dfxsur/mei_needs_your_help/,dfxsur,False,False,0,0,8,,HongKong,Mei needs your help!,https://i.redd.it/q2mygvmuqpr31.jpg
wwyc128,t2_y9py6,1570724052,https://www.reddit.com/r/HongKong/comments/dg0b9i/anothe_meiwithhongkong_made_by_my_favorite_artist/,dg0b9i,False,False,0,0,1,,HongKong,Anothe #MeiWithHongKong made by my favorite artist!,https://i.redd.it/a9us4ps6nqr31.jpg
maeyuuki,t2_1yxf0tgp,1570724245,https://www.reddit.com/r/HongKong/comments/dg0cvb/mei_supporting_the_hong_kong_protestors_when/,dg0cvb,False,False,2,0,540,,HongKong,Mei Supporting The Hong Kong Protestors When Blizzard Won't,https://i.redd.it/gsftb5j3oqr31.jpg
darkknight823,t2_oc5hu,1570726915,https://www.reddit.com/r/HongKong/comments/dg0zdx/mei_does_not_approve_of_authoritarianism/,dg0zdx,False,False,1,0,35,,HongKong,Mei does not approve of authoritarianism,https://i.redd.it/xdp9qvr5hqr31.jpg
-_Mocha_-,t2_11lrocfo,1570736526,https://www.reddit.com/r/HongKong/comments/dg3cqp/meisupportshongkong/,dg3cqp,False,False,0,0,43,,HongKong,#MeiSupportsHongKong,https://i.redd.it/i2oghl9morr31.jpg
Toxlc_,t2_3z03e728,1570742297,https://www.reddit.com/r/HongKong/comments/dg4pqy/mei_supports_hk/,dg4pqy,False,False,0,0,1,,HongKong,Mei supports hk,https://i.redd.it/3t1x26niaqr31.png
Narananas,t2_fcrcj,1570763906,https://www.reddit.com/r/HongKong/comments/dg98cc/lets_all_use_the_firefighter_mei_skin_to_show_she/,dg98cc,False,False,1,0,1,,HongKong,Let's all use the Firefighter Mei skin to show she protects the Hong Kong protesters,https://i.redd.it/zor0wb2rxtr31.jpg
Rotoscopic,t2_1dg73h74,1570764373,https://www.reddit.com/r/HongKong/comments/dg9bec/mei_supports_hong_kong_and_taiwan_now_with_better/,dg9bec,False,False,1,0,1,,HongKong,Mei supports Hong Kong and Taiwan! (now with better typesetting),https://i.redd.it/j5u8lb2fztr31.jpg
AHeckinChonk,t2_2056ar6u,1570764515,https://www.reddit.com/r/HongKong/comments/dg9ce3/mei_stands_with_hong_kong/,dg9ce3,False,False,0,0,1,,HongKong,Mei stands with Hong Kong,https://i.redd.it/5e5u3q9sztr31.jpg
Zeebuoy,t2_21jwjgsp,1570777695,https://www.reddit.com/r/HongKong/comments/dgbgju/i_know_most_of_the_overwatch_related_ones_are/,dgbgju,False,False,1,0,1,,HongKong,"I know most of the overwatch related ones are about Mei, but....",https://i.redd.it/siaiwl9lssr31.jpg
Silicemis,t2_mklf79t,1570794214,https://www.reddit.com/r/HongKong/comments/dgdy8n/not_only_mei_but_tracer_also_and_every_other/,dgdy8n,False,False,1,0,1,,HongKong,"Not only Mei, but Tracer also and every other. ðŸ‡­ðŸ‡°ðŸ‡¹ðŸ‡¼",https://i.redd.it/h9vacvb5gwr31.jpg
cplchanb,t2_ywg4n,1570810151,https://www.reddit.com/r/HongKong/comments/dghc18/artists_of_rhongkong_it_would_be_great_if_you_can/,dghc18,False,False,2,0,1,,HongKong,Artists of R/hongkong! It would be great if you can put Mei as lady liberty along with the hk flag! Free HK!,https://imgur.com/VZfTSDB.jpg
Green_VGC,t2_3yxomt0j,1570811302,https://www.reddit.com/r/HongKong/comments/dghlaj/if_you_help_mei_shell_help_you_relax_3/,dghlaj,False,False,0,0,1,,HongKong,"If you help Mei, she'll help you Relax :3",https://i.imgur.com/KEtueZa.jpg
FloL00L,t2_v9djs,1570567905,https://www.reddit.com/r/Overwatch/comments/df61zl/pro_hong_kong_mei_inspiered_by_a_post_on/,df61zl,False,False,3,0,1,,Overwatch,Pro Hong Kong Mei inspiered by a post on r/HongKong. Fuck Blizzard.,https://i.redd.it/10ot7yocodr31.png
g0tsherm,t2_71wt9,1570569999,https://www.reddit.com/r/Overwatch/comments/df6kz6/hong_kong_mei_by_tripartist1/,df6kz6,False,False,2,0,1,,Overwatch,Hong Kong Mei by Tripartist1,https://i.imgur.com/Odz56sp.jpg
ThunderAssMayonnaise,t2_7a54y,1570571692,https://www.reddit.com/r/Overwatch/comments/df6zy9/it_would_be_such_a_shame_if_mei_from_overwatch/,df6zy9,False,False,2,0,1,,Overwatch,It would be such a shame if Mei from Overwatch became a pro-democracy symbol and got Blizzard's games banned in China.,https://i.redd.it/xaac5sldlcr31.jpg
spacewolfplays,t2_gwm6fku,1570571801,https://www.reddit.com/r/Overwatch/comments/df70vj/pro_hong_kong_mei_inspiered_by_a_post_on_here/,df70vj,False,False,2,0,1,,Overwatch,Pro Hong Kong Mei inspiered by a post on here. Let's make Mei a protest meme.,https://i.redd.it/10ot7yocodr31.png
winged_archangel,t2_3nnsy149,1570573532,https://www.reddit.com/r/Overwatch/comments/df7g8f/new_mei_skin_leaked/,df7g8f,False,False,1,0,1,,Overwatch,New Mei skin leaked!!,https://i.redd.it/10ot7yocodr31.png
Thy-Otter,t2_10o1xb,1570574468,https://www.reddit.com/r/Overwatch/comments/df7o74/mei_stands_with_you/,df7o74,False,False,1,0,1,,Overwatch,Mei stands with you,https://i.redd.it/fz4ntzhqaer31.jpg
BurpMaster69420,t2_3pe9swqo,1570576585,https://www.reddit.com/r/Overwatch/comments/df85yh/sneak_peek_at_the_new_hong_kong_mei_skin/,df85yh,False,False,1,0,1,,Overwatch,Sneak peek at the new Hong Kong Mei skin,https://i.redd.it/luc0a431her31.jpg
serge4332,t2_1cxn8kq6,1570577761,https://www.reddit.com/r/Overwatch/comments/df8fib/mei_supports_the_struggle/,df8fib,False,False,2,0,1,,Overwatch,Mei supports the struggle,https://i.redd.it/o5kgry2jker31.jpg
serge4332,t2_1cxn8kq6,1570577853,https://www.reddit.com/r/Overwatch/comments/df8gb4/mei_loves_hk/,df8gb4,False,False,2,0,1,,Overwatch,Mei loves HK,https://i.redd.it/yu40xdysker31.jpg
t3chnopat,t2_22lb68ez,1570578477,https://www.reddit.com/r/Overwatch/comments/df8lda/it_would_be_such_a_shame_if_mei_from_overwatch/,df8lda,False,False,2,0,1,,Overwatch,It would be such a shame if Mei from Overwatch became a pro-democracy symbol and got Blizzard's games banned in China.,https://i.redd.it/xaac5sldlcr31.jpg
grednforgesgirl,t2_yv3iz,1570579065,https://www.reddit.com/r/Overwatch/comments/df8q8k/pro_hong_kong_mei_inspiered_by_a_post_on_here/,df8q8k,False,False,2,0,1,,Overwatch,Pro Hong Kong Mei inspiered by a post on here. Fuck Blizzard.,https://i.redd.it/10ot7yocodr31.png
evacia,t2_16763ptc,1570580781,https://www.reddit.com/r/Overwatch/comments/df945i/pro_hong_kong_mei_original_artist_linked_in/,df945i,False,False,3,0,1,,Overwatch,Pro Hong Kong Mei (original artist linked in comments),https://i.redd.it/p938xg5iter31.jpg
TheBabyDucky,t2_1rtvndx,1570581841,https://www.reddit.com/r/Overwatch/comments/df9cn1/would_be_a_shame_for_mei_to_become_a_symbol_for/,df9cn1,False,False,1,0,1,,Overwatch,Would be a shame for Mei to become a symbol for freedom in Hong Kong...,https://i.redd.it/10ot7yocodr31.png
I_have_the_Sauce,t2_4pjqbmgr,1570583213,https://www.reddit.com/r/Overwatch/comments/df9ng4/pro_hong_kong_mei_inspiered_by_a_post_on_here/,df9ng4,False,False,1,0,1,,Overwatch,Pro Hong Kong Mei inspiered by a post on here. Fuck Blizzard.,https://i.redd.it/10ot7yocodr31.png
IxamxUnicron,t2_witvi,1570584590,https://www.reddit.com/r/Overwatch/comments/df9xjj/thought_this_fanmade_mei_skin_by_uflolool_was/,df9xjj,False,False,2,0,1,,Overwatch,Thought this fan-made Mei skin by u/FloLOOL was really cool.,https://preview.redd.it/10ot7yocodr31.png?width=766&amp;auto=webp&amp;s=c108c2d43cdd38057e64beda7b182ee7500154e1
GIJosephStalin,t2_z6mic,1570585309,https://www.reddit.com/r/Overwatch/comments/dfa2so/fun_new_mei_skin_idea_i_think_it_should_be_called/,dfa2so,False,False,2,0,1,,Overwatch,Fun new Mei skin idea. I think it should be called Defender of Freedom.,https://i.redd.it/d2uk62jy6fr31.jpg
Whenyouwere,t2_4njxhvqf,1570586558,https://www.reddit.com/r/Overwatch/comments/dfac75/pro_hong_kong_mei_inspiered_by_a_post_on_here/,dfac75,False,False,2,0,1,,Overwatch,Pro Hong Kong Mei inspiered by a post on here. Fuck Blizzard.,https://i.redd.it/10ot7yocodr31.png
mrcynic132,t2_1q78mw3h,1570587836,https://www.reddit.com/r/Overwatch/comments/dfalar/pro_hong_kong_mei_inspiered_by_a_post_on_here/,dfalar,False,False,2,0,1,,Overwatch,Pro Hong Kong Mei inspiered by a post on here. Fuck Blizzard.,https://i.redd.it/10ot7yocodr31.png
charliethispain,t2_w4co5,1570593172,https://www.reddit.com/r/Overwatch/comments/dfbl6k/meiling_zhou_would_support_hk_and_you_cant_change/,dfbl6k,False,False,1,0,1,,Overwatch,"Mei-Ling Zhou would support HK, and you can't change my mind on it.",https://i.redd.it/qvq7zrxmtfr31.png
AquaLordTyphon,t2_n2x86,1570595518,https://www.reddit.com/r/Overwatch/comments/dfbzlb/mei_showing_support/,dfbzlb,False,False,1,0,2,,Overwatch,Mei showing support,https://i.imgur.com/Odz56sp.jpg
Fish-IP,t2_6b14r,1570596863,https://www.reddit.com/r/Overwatch/comments/dfc7g0/mei_the_force_be_with_hong_kong/,dfc7g0,False,False,3,0,21,,Overwatch,Mei the Force be with Hong Kong,https://i.redd.it/3xe13t9b3gr31.jpg
Cheeky_Mike,t2_1spk3koy,1570597597,https://www.reddit.com/r/Overwatch/comments/dfcbpx/it_would_be_a_shame_if_mei_became_a_symbol_for/,dfcbpx,False,False,2,0,1,,Overwatch,It would be a shame if Mei became a symbol for freedom,https://i.redd.it/hecz88drxer31.jpg
AquaLordTyphon,t2_n2x86,1570599551,https://www.reddit.com/r/Overwatch/comments/dfcmu6/mei_fanart/,dfcmu6,False,False,2,0,1,,Overwatch,Mei fan-art,https://i.redd.it/3xe13t9b3gr31.jpg
Sylabull,t2_atnbqnp,1570600880,https://www.reddit.com/r/Overwatch/comments/dfcu5p/mei_mains_rise_up/,dfcu5p,False,False,2,0,0,,Overwatch,Mei mains rise up,https://i.redd.it/10ot7yocodr31.png
Zentrify_,t2_ujxbzxu,1570602741,https://www.reddit.com/r/Overwatch/comments/dfd4rw/pro_hong_kong_mei_inspiered_by_a_post_on_here/,dfd4rw,False,False,1,0,1,,Overwatch,Pro Hong Kong Mei inspiered by a post on here. Fuck Blizzard.,https://i.redd.it/10ot7yocodr31.png
AGRisator,t2_g5llet,1570603277,https://www.reddit.com/r/Overwatch/comments/dfd7qq/it_would_be_such_a_shame_if_mei_from_overwatch/,dfd7qq,False,False,1,0,1,,Overwatch,It would be such a shame if Mei from Overwatch became a pro-democracy symbol and got Blizzard's games banned in China.,https://i.redd.it/xaac5sldlcr31.jpg
L1ghtningdude,t2_1ozvuxgf,1570609479,https://www.reddit.com/r/Overwatch/comments/dfe3rg/mei_the_force_be_with_hong_kong_ufiship/,dfe3rg,False,False,2,0,1,,Overwatch,Mei the Force be with Hong Kong (u/Fish-IP),https://i.redd.it/3xe13t9b3gr31.jpg
TheManWithNoLegs,t2_2b8p6e6z,1570609893,https://www.reddit.com/r/Overwatch/comments/dfe5p9/it_would_be_such_a_shame_if_mei_from_overwatch/,dfe5p9,False,False,2,0,1,,Overwatch,It would be such a shame if Mei from Overwatch became a pro-democracy symbol and got Blizzardâ€™s games banned in China.,https://i.redd.it/myfs74p28hr31.jpg
eatyourbrogle,t2_2ud602g2,1570611207,https://www.reddit.com/r/Overwatch/comments/dfebog/mei_for_hong_kong/,dfebog,False,False,1,0,1,,Overwatch,Mei for Hong Kong.,https://i.redd.it/ajae039zbhr31.jpg
miltonberlescock,t2_zep0i,1570613361,https://www.reddit.com/r/Overwatch/comments/dfem9m/this_mei_skin_is_awesome_halloween_event_will_be/,dfem9m,False,False,1,0,1,,Overwatch,This Mei skin is awesome. Halloween event will be lit,https://i.redd.it/x279gftdihr31.jpg
downeastkid,t2_9jygz,1570614617,https://www.reddit.com/r/Overwatch/comments/dfesdr/mei_should_be_a_symbol_for_freedom/,dfesdr,False,False,1,0,1,,Overwatch,Mei should be a symbol for freedom,https://i.redd.it/hecz88drxer31.jpg
generalusername1234,t2_24zowrv6,1570618416,https://www.reddit.com/r/Overwatch/comments/dffc55/spread_hong_kong_mei_to_get_blizzard_banned_in/,dffc55,False,False,2,0,1,,Overwatch,Spread Hong Kong Mei to get Blizzard banned in China!,https://i.redd.it/ekzvq81fxhr31.jpg
qZLn2NicnVGq,t2_3fk7hlq3,1570618960,https://www.reddit.com/r/Overwatch/comments/dfff6f/mei_the_force_be_with_hong_kong/,dfff6f,False,False,1,0,1,,Overwatch,Mei the Force be with Hong Kong,https://i.redd.it/3xe13t9b3gr31.jpg
getrwuegyweh,t2_176735n,1570624378,https://www.reddit.com/r/Overwatch/comments/dfgd6b/mei_is_right/,dfgd6b,False,False,2,0,1,,Overwatch,Mei is right,https://i.redd.it/f4afw695fir31.jpg
rkkim,t2_68qxl,1570625085,https://www.reddit.com/r/Overwatch/comments/dfgi85/it_would_be_such_a_shame_if_mei_from_overwatch/,dfgi85,False,False,2,0,1,,Overwatch,It would be such a shame if Mei from Overwatch became a pro-democracy symbol and got Blizzard's games banned in China.,https://i.redd.it/xaac5sldlcr31.jpg
Scornfakes,t2_2vqdk154,1570627962,https://www.reddit.com/r/Overwatch/comments/dfh3hi/bois_can_we_get_hong_kong_mei_trending_so/,dfh3hi,False,False,1,0,1,,Overwatch,Bois can we get Hong Kong Mei trending so blizzard gets banned in China,https://i.redd.it/nvmzuokalgr31.jpg
thepuppeter,t2_z4vho,1570627968,https://www.reddit.com/r/Overwatch/comments/dfh3je/pitch_for_new_mei_halloween_skin_freedom_fighter/,dfh3je,False,False,2,0,1,,Overwatch,Pitch for new Mei Halloween Skin: Freedom Fighter Mei,https://i.redd.it/l116k7ltter31.jpg
Astorya,t2_paokgcm,1570630666,https://www.reddit.com/r/Overwatch/comments/dfho6c/it_would_be_such_a_shame_if_mei_from_overwatch/,dfho6c,False,False,2,0,1,,Overwatch,It would be such a shame if Mei from Overwatch became a pro-democracy symbol and got Blizzardâ€™s games banned in China.,https://i.redd.it/u03a9bzbzer31.jpg
yozyi,t2_13tjw8,1570633751,https://www.reddit.com/r/Overwatch/comments/dfideg/official_mei_hates_the_ccp/,dfideg,False,False,2,0,1,,Overwatch,Official: Mei hates the CCP,https://i.redd.it/hmmgjfu0khr31.jpg
Yehnli,t2_hnzvi,1570637255,https://www.reddit.com/r/Overwatch/comments/dfj710/some_cool_mei_art/,dfj710,False,False,2,0,1,,Overwatch,Some cool Mei art,https://i.redd.it/u03a9bzbzer31.jpg
KaiNRJ,t2_uqqduho,1570640343,https://www.reddit.com/r/Overwatch/comments/dfjx8f/it_would_be_such_a_shame_if_mei_from_overwatch/,dfjx8f,False,False,1,0,1,,Overwatch,It would be such a shame if Mei from Overwatch became a pro-democracy symbol and got Blizzard's games banned in China.,https://i.redd.it/xaac5sldlcr31.jpg
Albert_eisen,t2_2rrxglfp,1570654156,https://www.reddit.com/r/Overwatch/comments/dfn61m/mei_and_doomfist_protesting_for_hong_kong/,dfn61m,False,False,2,0,2,,Overwatch,Mei and doomfist protesting for hong kong,https://i.imgur.com/HCsSIML.jpg
Discchord,t2_4fxyc,1570654235,https://www.reddit.com/r/Overwatch/comments/dfn6q4/if_mei_doesnt_get_an_umbrella_im_never_playing/,dfn6q4,False,False,2,0,1,,Overwatch,"If Mei doesn't get an umbrella, I'm never playing Overwatch again!",https://i.redd.it/pjpaig9uvkr31.jpg
Discchord,t2_4fxyc,1570654876,https://www.reddit.com/r/Overwatch/comments/dfnc89/im_done_with_overwatch_until_mei_gets_an_umbrella/,dfnc89,False,False,2,0,1,,Overwatch,I'm done with Overwatch until Mei gets an umbrella!,https://i.imgur.com/hdSmlJE.jpg
itsfeykro,t2_te23m,1570655267,https://www.reddit.com/r/Overwatch/comments/dfnfre/mei_i_post_my_humble_meme/,dfnfre,False,False,2,0,1,,Overwatch,Mei I post my humble meme?,https://i.redd.it/t8m560rzykr31.jpg
kariers,t2_hz9ld,1570655764,https://www.reddit.com/r/Overwatch/comments/dfnjtt/mei_supports_hong_kong/,dfnjtt,False,False,2,0,1,,Overwatch,Mei Supports Hong Kong,https://pbs.twimg.com/media/EGdsnrsXoAA2-hS.jpg
gorebunny666,t2_3itz5lyz,1570660196,https://www.reddit.com/r/Overwatch/comments/dfol72/mei_is_pissed_and_rightfully_so/,dfol72,False,False,2,0,1,,Overwatch,Mei is pissed (and rightfully so),https://i.redd.it/760377vmdlr31.jpg
cannacae,t2_2ixrovxx,1570661092,https://www.reddit.com/r/Overwatch/comments/dfosiw/mei_supports_hk_3/,dfosiw,False,False,2,0,1,,Overwatch,Mei supports HK &lt;3,https://i.redd.it/6lrrsq48glr31.jpg
spicedpumpkins,t2_dpnkg,1570667337,https://www.reddit.com/r/Overwatch/comments/dfq3we/i_like_the_new_mei_skin/,dfq3we,False,False,2,0,1,,Overwatch,I like the new Mei Skin,https://pbs.twimg.com/media/EGeXXhYVUAArnB4.jpg
KillaPelon,t2_vieol,1570671395,https://www.reddit.com/r/Overwatch/comments/dfqxke/enough_with_the_feelings_hong_kongers_deny_the/,dfqxke,False,False,2,0,1,,Overwatch,Enough with the feelings. Hong Kongers deny the facts: Mei is Chinese and stans China.,https://i.redd.it/9xhi8ihbamr31.jpg
lu5ty,t2_gcso6,1570673610,https://www.reddit.com/r/Overwatch/comments/dfrd6c/mei_statue_already_removed_interesting_and/,dfrd6c,False,False,1,0,1,,Overwatch,Mei statue already removed. 'Interesting and Descriptive title' - FREE HONG KONG - FOREVER! ~ Snowball (via VPN),https://i.redd.it/12lhkafkfmr31.png
YourSneakerseller,t2_29ro554q,1570689843,https://www.reddit.com/r/Overwatch/comments/dfu3t8/man_this_mei_skin_concept_is_pretty_cool_would/,dfu3t8,False,False,1,0,1,,Overwatch,Man this Mei skin concept is pretty cool. Would lohe to see it ingame,https://i.redd.it/onuhga2ttnr31.jpg
FijiPotato,t2_34kyfh37,1570706369,https://www.reddit.com/r/Overwatch/comments/dfwjc3/liberatehongkong_with_mei/,dfwjc3,False,False,2,0,1,,Overwatch,#LiberateHongKong with Mei,https://i.redd.it/zoueg63y6pr31.jpg
revolving_ocelot,t2_iq9y9,1570709417,https://www.reddit.com/r/Overwatch/comments/dfx30j/ximeile/,dfx30j,False,False,2,0,1,,Overwatch,Xi-Meile,https://i.redd.it/io745pvzfpr31.png
wilbo007_,t2_4boeg74h,1570717007,https://www.reddit.com/r/Overwatch/comments/dfyn3x/i_threw_10_games_as_mei_and_heres_what_happened/,dfyn3x,False,False,2,0,1,,Overwatch,I threw 10 games as Mei and here's what happened,https://i.imgur.com/5TIraMD.png
utrocker,t2_3ilp8,1570720143,https://www.reddit.com/r/Overwatch/comments/dfzdij/elise_zhang_voice_of_mei_doesnt_believe_in_the/,dfzdij,False,False,1,0,1,,Overwatch,"Elise Zhang, voice of Mei, doesn't believe in the atrocities of China. This is not okay.",https://i.redd.it/wsxhr6lwbqr31.jpg
CreativeBaboon,t2_qovpr,1570740869,https://www.reddit.com/r/Overwatch/comments/dg4e2c/free_hong_kong_stand_with_mei/,dg4e2c,False,False,1,0,1,,Overwatch,Free Hong Kong! Stand with Mei!,https://i.redd.it/i3s9g2rh1sr31.jpg
SplitPersonalityTim,t2_ecjti,1570742825,https://www.reddit.com/r/Overwatch/comments/dg4u5t/mei_mvp/,dg4u5t,False,False,2,0,1,,Overwatch,Mei MVP,https://i.redd.it/1is0k9s4nhr31.jpg
ChinkedArmor,t2_q9xx8,1570749479,https://www.reddit.com/r/Overwatch/comments/dg6asi/fan_art_hk_mei_skin/,dg6asi,False,False,1,0,1,,Overwatch,[Fan Art] HK Mei Skin,https://i.redd.it/f42a39f1rsr31.jpg
ChinkedArmor,t2_q9xx8,1570749735,https://www.reddit.com/r/Overwatch/comments/dg6cqh/fan_art_hk_mei_skin/,dg6cqh,False,False,1,0,1,,Overwatch,[Fan Art] HK Mei Skin,https://i.imgur.com/TymFGSO.jpg
KingLouisXIX,t2_3si6u1cx,1570754520,https://www.reddit.com/r/Overwatch/comments/dg7cwy/mei_is_on_hk_side/,dg7cwy,False,False,2,0,1,,Overwatch,Mei is on HK side,https://i.redd.it/lhtfw8i46tr31.jpg
SplitPersonalityTim,t2_ecjti,1570756374,https://www.reddit.com/r/Overwatch/comments/dg7qla/mei_mvp/,dg7qla,False,False,3,0,1,,Overwatch,Mei Mvp,https://i.imgur.com/lfiKhjS.jpg
ectoplasmicsurrender,t2_x3ug7,1570758210,https://www.reddit.com/r/Overwatch/comments/dg8462/this_may_or_may_not_get_taken_down_but_i_feel/,dg8462,False,False,1,0,1,,Overwatch,"This may or may not get taken down but i feel like it needs to be shared anyway. Hong Kong needs help the world over, let Mei become the symbol of freedom and fight with us!",https://i.imgur.com/malYdwP.jpg
Narananas,t2_fcrcj,1570762107,https://www.reddit.com/r/Overwatch/comments/dg8w9y/lets_all_use_the_firefighter_mei_skin_to_show_she/,dg8w9y,False,False,1,0,1,,Overwatch,Let's all use the Firefighter Mei skin to show she protects the Hong Kong protesters,https://i.redd.it/m8u3lhm3rtr31.jpg
Terrywolf555,t2_rmp6b,1570805308,https://www.reddit.com/r/Overwatch/comments/dgg8cz/mei_players_better_look_for_a_new_main_soon/,dgg8cz,False,False,2,0,1,,Overwatch,Mei players better look for a new main soon....,https://i.redd.it/ehcsd705dxr31.jpg
WolfJoe5,t2_3za4dj49,1570814660,https://www.reddit.com/r/Overwatch/comments/dgic6m/mei_bad_mei_kh_good/,dgic6m,False,False,2,0,1,,Overwatch,"Mei = bad , Mei KH= good",https://i.redd.it/irzjxlay4yr31.jpg
MissChemistryNerd,t2_20tw6df7,1570427890,https://www.reddit.com/r/gaming/comments/defe2o/thought_you_guys_might_like_this_powerful_image/,defe2o,False,False,6,0,19,,gaming,Thought you guys might like this powerful image of me cosplaying Mei from Overwatch (enjoy a thicc dab),https://i.redd.it/jkn2esxv62r31.jpg
alcatrazcgp,t2_g81s0,1570566214,https://www.reddit.com/r/gaming/comments/df5nas/it_would_be_such_a_shame_if_mei_from_overwatch/,df5nas,False,False,0,0,0,,gaming,It would be such a shame if Mei from Overwatch became a pro-democracy symbol and got Blizzard's games banned in China.,https://i.redd.it/xaac5sldlcr31.jpg
Oceanicshark,t2_z3oqq,1570573163,https://www.reddit.com/r/gaming/comments/df7cxg/meiling_supports_hong_kong_your_move_blizzard/,df7cxg,False,False,1,0,1,,gaming,"""Mei-Ling supports Hong Kong"" Your move, Blizzard.",https://i.redd.it/94tc1rkr6er31.jpg
FloL00L,t2_v9djs,1570573449,https://www.reddit.com/r/gaming/comments/df7fjh/pro_hong_kong_mei_inspiered_by_a_post_on_here/,df7fjh,False,False,1,0,32,,gaming,Pro Hong Kong Mei inspiered by a post on here. Fuck Blizzard.,https://i.redd.it/10ot7yocodr31.png
Thy-Otter,t2_10o1xb,1570573767,https://www.reddit.com/r/gaming/comments/df7ibe/mei_stands_with_you/,df7ibe,False,False,0,0,5,,gaming,Mei stands with you,https://i.redd.it/wxzh1u2n7er31.jpg
FloL00L,t2_v9djs,1570581830,https://www.reddit.com/r/gaming/comments/df9ckm/pro_hong_kong_mei_inspiered_by_a_post_on/,df9ckm,False,False,5,0,74,,gaming,Pro Hong Kong Mei inspiered by a post on r/HongKong. Fuck Blizzard.,https://i.redd.it/10ot7yocodr31.png
AshNotFromPalletTown,t2_8yhmmqm,1570583337,https://www.reddit.com/r/gaming/comments/df9ofj/it_would_be_such_a_shame_if_mei_from_overwatch/,df9ofj,False,False,0,0,1,,gaming,It would be such a shame if Mei from Overwatch became a pro-democracy symbol and got Blizzardâ€™s games banned in China.,https://i.redd.it/d257lkz31fr31.jpg
Tapdatsam,t2_32sux19,1570589250,https://www.reddit.com/r/gaming/comments/dfav4c/it_would_be_such_a_shame_if_mei_from_overwatch/,dfav4c,False,False,0,0,1,,gaming,It would be such a shame if Mei from Overwatch became a pro-democracy symbol and got Blizzard's games banned in China.,https://i.redd.it/xaac5sldlcr31.jpg
CritBit1,t2_1bwbsac8,1570596448,https://www.reddit.com/r/gaming/comments/dfc55d/prohk_mei/,dfc55d,False,False,1,0,1,,gaming,Pro-HK Mei,https://i.redd.it/lcgxj8a34gr31.jpg
FreeHK1999,t2_3atb30x7,1570599235,https://www.reddit.com/r/gaming/comments/dfcl44/mei_stands_with_hong_kong/,dfcl44,False,False,0,0,1,,gaming,Mei Stands with Hong Kong,https://i.redd.it/7gmva0kdcgr31.jpg
niratomi,t2_2n6xyj2w,1570601921,https://www.reddit.com/r/gaming/comments/dfd04h/it_would_be_a_shame_if_mei_became_a_symbol_for/,dfd04h,False,False,1,0,50,,gaming,It would be a shame if Mei became a symbol for freedom,https://i.redd.it/hecz88drxer31.jpg
mingimehu,t2_jhbee,1570603693,https://www.reddit.com/r/gaming/comments/dfda0o/even_mei_thinks_blizz_is_wrong/,dfda0o,False,False,0,0,1,,gaming,Even Mei thinks blizz is wrong,https://i.redd.it/1fpm5nigpgr31.png
hgrforparadise,t2_hl9q6yr,1570608591,https://www.reddit.com/r/gaming/comments/dfdzm6/mei_cosplay_idea_for_blizzcon/,dfdzm6,False,False,0,0,1,,gaming,Mei cosplay idea for Blizzcon,https://i.redd.it/svo6gvd74hr31.jpg
L1ghtningdude,t2_1ozvuxgf,1570609338,https://www.reddit.com/r/gaming/comments/dfe30x/mei_the_force_be_with_hong_kong_ufiship/,dfe30x,False,False,0,0,1,,gaming,Mei the force be with Hong Kong (u/Fish-IP),https://i.redd.it/3xe13t9b3gr31.jpg
L1ghtningdude,t2_1ozvuxgf,1570609973,https://www.reddit.com/r/gaming/comments/dfe63w/mei_the_force_be_with_hong_kong/,dfe63w,False,False,0,0,1,,gaming,Mei the Force be with Hong Kong,https://i.redd.it/3xe13t9b3gr31.jpg
irishrugby2015,t2_fgsmv,1570611988,https://www.reddit.com/r/gaming/comments/dfefl6/so_i_heard_mei_supports_the_hk_protesters_now/,dfefl6,False,False,0,0,1,,gaming,So I heard Mei supports the HK protesters now,https://i.imgur.com/0QWnXfo.jpg
DustineTetris,t2_15ggi7,1570612172,https://www.reddit.com/r/gaming/comments/dfegii/lets_make_mei_an_icon_of_democracy_and_freedom/,dfegii,False,False,0,0,3,,gaming,Let's make Mei an icon of democracy and freedom.,https://i.redd.it/3xe13t9b3gr31.jpg
Jullbab,t2_i4lt8,1570612829,https://www.reddit.com/r/gaming/comments/dfejo0/it_would_be_such_a_shame_if_mei_from_overwatch/,dfejo0,False,False,0,0,1,,gaming,It would be such a shame if Mei from Overwatch became a pro-democracy symbol and got Blizzardâ€™s games banned in China.,https://i.redd.it/reay769pyer31.jpg
Pr0power,t2_2ri2300r,1570620164,https://www.reddit.com/r/gaming/comments/dffm58/if_we_make_mei_and_symbol_for_hong_kong_we_can/,dffm58,False,False,0,0,1,,gaming,If we make Mei and symbol for Hong Kong we can get her banned from the game,https://i.redd.it/8i62hl4m2ir31.jpg
lifeordeathsworld,t2_3hvj5nvk,1570620756,https://www.reddit.com/r/gaming/comments/dffpou/lets_get_hong_kong_mei_trending_so_blizzard_gets/,dffpou,False,False,0,0,1,,gaming,Lets get Hong Kong Mei trending so Blizzard gets banned in china!,https://i.redd.it/wdl5ojld4ir31.jpg
CritBit1,t2_1bwbsac8,1570621738,https://www.reddit.com/r/gaming/comments/dffvwq/pro_hong_kong_mei/,dffvwq,False,False,1,0,1,,gaming,Pro Hong Kong Mei,https://i.redd.it/jhid5lla7ir31.jpg
IceColdKilla2,t2_2c147q4e,1570625309,https://www.reddit.com/r/gaming/comments/dfgjuz/pettition_to_make_mei_the_icon_for_rgaming_sub/,dfgjuz,False,False,7,0,1,,gaming,Pettition to make Mei the Icon for r/gaming sub!,https://i.redd.it/ecj22qhrhir31.jpg
PYGOPHILE,t2_yje01,1570628724,https://www.reddit.com/r/gaming/comments/dfh991/mei_says_fight_for_freedom_stand_with_hong_kong/,dfh991,False,False,1,0,1,,gaming,"Mei Says ""Fight For Freedom. Stand With Hong Kong""",https://i.redd.it/1ttfndxxrir31.jpg
Raptorlord102,t2_37whcsmb,1570628927,https://www.reddit.com/r/gaming/comments/dfhats/bois_can_we_get_hong_kong_mei_trending_so/,dfhats,False,False,0,0,2,,gaming,Bois can we get Hong Kong Mei trending so blizzard gets banned in China,https://i.redd.it/nvmzuokalgr31.jpg
RetrospecTuaL,t2_4j0tv,1570629861,https://www.reddit.com/r/gaming/comments/dfhhx2/meiforhongkong/,dfhhx2,False,False,0,0,19,,gaming,#MeiForHongKong,https://i.imgur.com/TC4A97S.png
MeanietomyPeenie,t2_32y92san,1570629944,https://www.reddit.com/r/gaming/comments/dfhikj/bois_can_we_get_hong_kong_mei_trending_so/,dfhikj,False,False,0,0,1,,gaming,Bois can we get Hong Kong Mei trending so Blizzard gets banned in China,https://i.redd.it/6dyaf9ijvir31.jpg
CaptainMagnets,t2_tdepygm,1570631028,https://www.reddit.com/r/gaming/comments/dfhr3z/sure_hope_this_is_a_repost_meid_in_china/,dfhr3z,False,False,0,0,1,,gaming,Sure hope this is a repost. Mei'd in China!,https://i.redd.it/exltn63xyir31.png
subpeek,t2_1dpbiarr,1570632047,https://www.reddit.com/r/gaming/comments/dfhz4a/meid_in_china/,dfhz4a,False,False,0,0,1,,gaming,Mei'd in china,https://i.redd.it/5w051p2y1jr31.jpg
MeanietomyPeenie,t2_32y92san,1570635631,https://www.reddit.com/r/gaming/comments/dfit4o/bois_can_we_get_hong_kong_mei_trending_so/,dfit4o,False,False,0,0,1,,gaming,Bois can we get Hong Kong Mei trending so blizzard gets banned in China,https://i.redd.it/hlyl52glcjr31.jpg
ItsMango,t2_b8gvh,1570636818,https://www.reddit.com/r/gaming/comments/dfj2zy/it_would_be_a_shame_if_mei_became_a_symbol_for/,dfj2zy,False,False,7,0,143,,gaming,It would be a shame if Mei became a symbol for freedom,https://i.redd.it/hecz88drxer31.jpg
TWEverson,t2_1bj1zjig,1570636830,https://www.reddit.com/r/gaming/comments/dfj33e/i_heard_mei_is_now_supporting_hk/,dfj33e,False,False,1,0,1,,gaming,I heard Mei is now supporting HK.,https://i.imgur.com/1t1uYEb.png
mayonaise_king,t2_1wv7j8nk,1570639370,https://www.reddit.com/r/gaming/comments/dfjp02/lets_get_hong_kong_mei_trending_so_blizzard_gets/,dfjp02,False,False,0,0,1,,gaming,Let's get Hong Kong Mei trending so Blizzard gets banned in China.,https://i.redd.it/sldvcgrpnjr31.jpg
SharkDestroyer_real,t2_222fzzpy,1570642569,https://www.reddit.com/r/gaming/comments/dfkg5k/hk_mei_source_in_comments/,dfkg5k,False,False,1,0,1,,gaming,HK Mei (source in comments),https://i.imgur.com/NofiLs8.jpg
Der-Wissenschaftler,t2_4uweuu,1570647578,https://www.reddit.com/r/gaming/comments/dflmog/mei_is_always_saving_her_teammates_from_tanks/,dflmog,False,False,1,0,1,,gaming,Mei is always saving her teammates from tanks,https://i.imgur.com/kfjcmCF.png
bozzy253,t2_zdhxd,1570653623,https://www.reddit.com/r/gaming/comments/dfn1h7/good_job_mei_now_lets_make_sylvanas_the_symbol_of/,dfn1h7,False,False,3,0,9,,gaming,Good job Mei. Now letâ€™s make Sylvanas the symbol of the oppressive Chinese government!,https://i.redd.it/5yex0tsztkr31.jpg
unrequestedcomment,t2_1muxg73s,1570667520,https://www.reddit.com/r/gaming/comments/dfq5ce/for_anybody_who_doesnt_know_blizzard_banned_a_hs/,dfq5ce,False,False,0,0,1,,gaming,For anybody who doesnâ€™t know Blizzard banned a HS winner and confiscated his prize money for supporting the Hong Kong protest. Support revilo717 and get Blizzard banned from China through spreading that Mei is a HKP supporter. The bigger and wider the better!,https://i.redd.it/nvmzuokalgr31.jpg
yeungx,t2_84pjv,1570677077,https://www.reddit.com/r/gaming/comments/dfs0go/was_gonna_burn_this_cosplay_but_this_is_a_much/,dfs0go,False,False,63,0,956,,gaming,"Was gonna burn this cosplay, but this is a much better use of it. #MeiSupportsHongKong",https://i.redd.it/phh13bie0mr31.jpg
MaybeMessedUpMan,t2_11k5l9,1570686676,https://www.reddit.com/r/gaming/comments/dftmda/my_attempt_to_help_mei_stand_with_hong_kong/,dftmda,False,False,0,0,1,,gaming,My attempt to help Mei stand with Hong Kong,https://i.redd.it/pkl3wu2eknr31.png
SleepyDucklet,t2_3w6oqfs5,1570692854,https://www.reddit.com/r/gaming/comments/dfujzy/mei_says_fuck_china/,dfujzy,False,False,0,0,1,,gaming,Mei says fuck china,https://i.redd.it/4ayxcjcr2or31.png
MrEvilNES,t2_nchuh,1570712687,https://www.reddit.com/r/gaming/comments/dfxq3b/everyones_making_mei_into_an_icon_for_the_hong/,dfxq3b,False,False,0,0,1,,gaming,"Everyone's making Mei into an icon for the Hong Kong revolution, let's make Zenyatta into an icon for Free Tibet as well",https://i.redd.it/q4g8houpppr31.jpg
Nuahxos_1,t2_2hniec0c,1570712861,https://www.reddit.com/r/gaming/comments/dfxrc0/mei_is_satan/,dfxrc0,False,False,0,0,7,,gaming,Mei is satan,https://i.redd.it/icigkvy8qpr31.jpg
bibliophile785,t2_15gv6h,1570713129,https://www.reddit.com/r/gaming/comments/dfxtcc/lets_help_mei_spread_the_message/,dfxtcc,False,False,0,0,1,,gaming,Let's help Mei spread the message!,https://i.redd.it/3m7nppaxkmr31.jpg
Xonram,t2_22fxzs03,1570716773,https://www.reddit.com/r/gaming/comments/dfylbl/mei_is_a_true_gamer/,dfylbl,False,False,1,0,9,,gaming,Mei is a true gamer,https://i.redd.it/sbxrgxvv1qr31.jpg
tetrashade,t2_j5ox6,1570718520,https://www.reddit.com/r/gaming/comments/dfyzn3/john_mei_on_her_journey_dont_let_her_go_alone/,dfyzn3,False,False,0,0,1,,gaming,John Mei on her journey! Don't let her go alone.,https://i.redd.it/2oivu7t3tor31.jpg
Chtulhou,t2_3prk1rqw,1570723410,https://www.reddit.com/r/gaming/comments/dg05ip/mei_the_defender/,dg05ip,False,False,0,0,1,,gaming,"Mei, the defender",https://i.redd.it/2oivu7t3tor31.jpg
Leshi08,t2_2milf8it,1570746536,https://www.reddit.com/r/gaming/comments/dg5nrw/blizzard_bans_hearthstone_player_for_supporting/,dg5nrw,False,False,0,0,1,,gaming,Blizzard bans Hearthstone player for supporting Hong Kong protests: Overwatch community turns their only Chinese character - Mei - into a protestor,https://i.redd.it/vm4yie5moqr31.jpg
Thermage,t2_3l47i4oj,1570749528,https://www.reddit.com/r/gaming/comments/dg6b87/mei_the_character_that_was_satan_himself_has_now/,dg6b87,False,False,0,0,1,,gaming,"Mei, the character that was Satan himself has now become a righteous protester",https://i.redd.it/2oivu7t3tor31.jpg
GrandSyzygy,t2_354ytijn,1570760318,https://www.reddit.com/r/gaming/comments/dg8jh4/mei_the_defender/,dg8jh4,False,False,0,0,1,,gaming,"Mei, the defender",https://i.redd.it/2oivu7t3tor31.jpg
blackomegax,t2_3qwi2,1570767308,https://www.reddit.com/r/gaming/comments/dg9to9/blizzard_bans_hearthstone_player_for_supporting/,dg9to9,False,False,0,0,1,,gaming,Blizzard bans Hearthstone player for supporting Hong Kong protests: Overwatch community turns their only Chinese character - Mei - into a protestor,https://i.redd.it/vm4yie5moqr31.jpg
endergame2,t2_1xgxn6tf,1570779509,https://www.reddit.com/r/gaming/comments/dgbq5d/mei_supports_the_democracy_of_hong_kong_freehk/,dgbq5d,False,False,0,0,1,,gaming,Mei supports the democracy of Hong Kong #freehk,https://i.redd.it/2aoyryha8vr31.png
Surrealinsomniac,t2_11b97j1c,1570811346,https://www.reddit.com/r/gaming/comments/dghlm5/we_may_have_done_it_mei_made_hk_local_news_from_a/,dghlm5,False,False,0,0,1,,gaming,We may have done it. Mei made HK local news. (From a tweet by Grumz),https://i.redd.it/edbtmlh3vxr31.jpg
